create database fjr6
use fjr6
SET ANSI_NULLS ON
GO
SET QUOTED_IDENTIFIER ON
GO
SET ANSI_PADDING ON
GO
CREATE TABLE [dbo].[Items](
	[ItemNo] [int] NOT NULL,
	[Name] [varchar](10) NULL,
	[Price] [int] NULL,
	[Quantity in Store] [int] NULL,
PRIMARY KEY CLUSTERED 
(
	[ItemNo] ASC
)WITH (PAD_INDEX  = OFF, STATISTICS_NORECOMPUTE  = OFF, IGNORE_DUP_KEY = OFF, ALLOW_ROW_LOCKS  = ON, ALLOW_PAGE_LOCKS  = ON) ON [PRIMARY]
) ON [PRIMARY]
GO
SET ANSI_PADDING OFF
GO
INSERT [dbo].[Items] ([ItemNo], [Name], [Price], [Quantity in Store]) VALUES (100, N'A', 1000, 100)
INSERT [dbo].[Items] ([ItemNo], [Name], [Price], [Quantity in Store]) VALUES (200, N'B', 2000, 50)
INSERT [dbo].[Items] ([ItemNo], [Name], [Price], [Quantity in Store]) VALUES (300, N'C', 3000, 60)
INSERT [dbo].[Items] ([ItemNo], [Name], [Price], [Quantity in Store]) VALUES (400, N'D', 6000, 400)
/****** Object:  Table [dbo].[Courses]    Script Date: 02/17/2017 13:04:02 ******/
SET ANSI_NULLS ON
GO
SET QUOTED_IDENTIFIER ON
GO
SET ANSI_PADDING ON
GO
CREATE TABLE [dbo].[Customers](
	[CustomerNo] [varchar](2) NOT NULL,
	[Name] [varchar](30) NULL,
	[City] [varchar](3) NULL,
	[Phone] [varchar](11) NULL,
PRIMARY KEY CLUSTERED 
(
	[CustomerNo] ASC
)WITH (PAD_INDEX  = OFF, STATISTICS_NORECOMPUTE  = OFF, IGNORE_DUP_KEY = OFF, ALLOW_ROW_LOCKS  = ON, ALLOW_PAGE_LOCKS  = ON) ON [PRIMARY]
) ON [PRIMARY]
GO
SET ANSI_PADDING OFF
GO
INSERT [dbo].[Customers] ([CustomerNo], [Name], [City], [Phone]) VALUES (N'C1', N'AHMED ALI', N'LHR', N'111111')
INSERT [dbo].[Customers] ([CustomerNo], [Name], [City], [Phone]) VALUES (N'C2', N'ALI', N'LHR', N'222222')
INSERT [dbo].[Customers] ([CustomerNo], [Name], [City], [Phone]) VALUES (N'C3', N'AYESHA', N'LHR', N'333333')
INSERT [dbo].[Customers] ([CustomerNo], [Name], [City], [Phone]) VALUES (N'C4', N'BILAL', N'KHI', N'444444')
INSERT [dbo].[Customers] ([CustomerNo], [Name], [City], [Phone]) VALUES (N'C5', N'SADAF', N'KHI', N'555555')
INSERT [dbo].[Customers] ([CustomerNo], [Name], [City], [Phone]) VALUES (N'C6', N'FARAH', N'ISL', NULL)
/****** Object:  Table [dbo].[Order]    Script Date: 02/17/2017 13:04:03 ******/
SET ANSI_NULLS ON
GO
SET QUOTED_IDENTIFIER ON
GO
SET ANSI_PADDING ON
GO
CREATE TABLE [dbo].[Orderr](
	[OrderNo] [int] NOT NULL,
	[CustomerNo] [varchar](2) NULL,
	[Date] [date] NULL,
	[Total_Items_Ordered] [int] NULL,
PRIMARY KEY CLUSTERED 
(
	[OrderNo] ASC
)WITH (PAD_INDEX  = OFF, STATISTICS_NORECOMPUTE  = OFF, IGNORE_DUP_KEY = OFF, ALLOW_ROW_LOCKS  = ON, ALLOW_PAGE_LOCKS  = ON) ON [PRIMARY]
) ON [PRIMARY]
GO
SET ANSI_PADDING OFF
GO
INSERT [dbo].[Orderr] ([OrderNo], [CustomerNo], [Date], [Total_Items_Ordered]) VALUES (1, N'C1', CAST(0x7F360B00 AS Date), 30)
INSERT [dbo].[Orderr] ([OrderNo], [CustomerNo], [Date], [Total_Items_Ordered]) VALUES (2, N'C3', CAST(0x2A3C0B00 AS Date), 5)
INSERT [dbo].[Orderr] ([OrderNo], [CustomerNo], [Date], [Total_Items_Ordered]) VALUES (3, N'C3', CAST(0x493C0B00 AS Date), 20)
INSERT [dbo].[Orderr] ([OrderNo], [CustomerNo], [Date], [Total_Items_Ordered]) VALUES (4, N'C4', CAST(0x4A3C0B00 AS Date), 15)
/****** Object:  Table [dbo].[OrderDetails]    Script Date: 02/17/2017 13:04:03 ******/
SET ANSI_NULLS ON
GO
SET QUOTED_IDENTIFIER ON
GO
CREATE TABLE [dbo].[OrderDetails](
	[OrderNo] [int] NOT NULL,
	[ItemNo] [int] NOT NULL,
	[Quantity] [int] NULL,
PRIMARY KEY CLUSTERED 
(
	[OrderNo] ASC,
	[ItemNo] ASC
)WITH (PAD_INDEX  = OFF, STATISTICS_NORECOMPUTE  = OFF, IGNORE_DUP_KEY = OFF, ALLOW_ROW_LOCKS  = ON, ALLOW_PAGE_LOCKS  = ON) ON [PRIMARY]
) ON [PRIMARY]
GO
INSERT [dbo].[OrderDetails] ([OrderNo], [ItemNo], [Quantity]) VALUES (1, 200, 20)
INSERT [dbo].[OrderDetails] ([OrderNo], [ItemNo], [Quantity]) VALUES (1, 400, 10)
INSERT [dbo].[OrderDetails] ([OrderNo], [ItemNo], [Quantity]) VALUES (2, 200, 5)
INSERT [dbo].[OrderDetails] ([OrderNo], [ItemNo], [Quantity]) VALUES (3, 200, 60)

GO
/****** Object:  ForeignKey [FK__OrderDeta__ItemN__4316F928]    Script Date: 02/03/2017 13:55:38 ******/
ALTER TABLE [dbo].[OrderDetails]  WITH CHECK ADD FOREIGN KEY([ItemNo])
REFERENCES [dbo].[Items] ([ItemNo])
GO
/****** Object:  ForeignKey [FK__OrderDeta__Order__4222D4EF]    Script Date: 02/03/2017 13:55:38 ******/
ALTER TABLE [dbo].[OrderDetails]  WITH CHECK ADD FOREIGN KEY([OrderNo])
REFERENCES [dbo].[Orderr] ([OrderNo])
GO

create procedure quantitycheck
@ordno int,
@itno int,
@quant int,
@msg varchar(25) output
as
BEGIN
if exists(select * from Items as i where i.ItemNo=@itno and i.[Quantity in Store]<@quant)
begin
set @msg='Only <quantity in store> is present, which is less than your required quantity.'
end
else 
begin
declare @storedquant int
select @storedquant=i.[Quantity in Store] from Items as i where i.ItemNo=@itno
declare @newquant int 
set @newquant=@storedquant-@quant
insert into OrderDetails
values (@ordno,@itno,@newquant)
end
END

declare @m varchar(25)
declare @o int=4
declare @i int=200
declare @q int=500
execute quantitycheck
@ordno=@o,
@itno=@i,
@quant=@q,
@msg=@m output
select @m as message;



create procedure ocancel
@ordno int,
@custno varchar(2),
@msg varchar(25) output
as
BEGIN
if exists(select * from  Orderr as o where o.CustomerNo=@custno and o.OrderNo!=@ordno)
begin
set @msg='Order no <as taken from input> is not of <customerNo><customerName>.'
end
else 
begin
delete from Orderr 
where orderr.CustomerNo=@custno
delete from OrderDetails
where OrderDetails.OrderNo=@ordno
end
END

declare @m varchar(25)
declare @o int=2
declare @c varchar(2)='C4'
execute ocancel
@ordno=@o,
@custno=@c,
@msg=@m output
select @m as message;


create procedure totalpoint
@custno varchar(2),
@points int output
as
Begin
if exists(select o.CustomerNo from Orderr as o where o.CustomerNo=@custno)
begin
  declare @ord int
  select @ord=o.OrderNo from Orderr as o where o.CustomerNo=@custno
   declare @it int
   select @it=od.ItemNo  from OrderDetails as od where od.OrderNo=@ord
   declare @price int
   select @price=i.Price  from Items as i where i.ItemNo=@it
   set @points=@price/100
end
END

declare @out int 
declare @c varchar(2)='C1'
execute totalpoint
@custno=@c,
@points=@out output
select @out as points